order_item_refund_id,created_at,order_item_id,order_id,refund_amount_usd
1,4/6/2012 11:32,57,57,49.99
2,4/13/2012 1:09,74,74,49.99
3,4/15/2012 7:03,71,71,49.99
4,4/17/2012 20:00,118,118,49.99
5,4/22/2012 20:53,116,116,49.99
6,5/4/2012 11:59,147,147,49.99
7,5/12/2012 2:41,186,186,49.99
8,5/16/2012 13:06,191,191,49.99
9,5/24/2012 16:00,179,179,49.99
10,5/30/2012 17:20,199,199,49.99
11,6/6/2012 14:22,271,271,49.99
12,6/10/2012 19:54,290,290,49.99
13,6/20/2012 19:13,335,335,49.99
14,6/28/2012 18:54,382,382,49.99
15,6/29/2012 15:50,357,357,49.99
16,7/5/2012 14:24,409,409,49.99
17,7/7/2012 7:36,368,368,49.99
18,7/7/2012 19:54,391,391,49.99
19,7/8/2012 2:59,424,424,49.99
20,7/10/2012 14:31,393,393,49.99
21,7/11/2012 22:16,442,442,49.99
22,7/19/2012 6:57,472,472,49.99
23,7/20/2012 13:51,470,470,49.99
24,7/21/2012 9:45,469,469,49.99
25,7/22/2012 12:53,471,471,49.99
26,7/27/2012 18:03,468,468,49.99
27,7/29/2012 7:41,467,467,49.99
28,7/31/2012 1:43,500,500,49.99
29,8/1/2012 13:50,501,501,49.99
30,8/6/2012 23:16,568,568,49.99
31,8/8/2012 17:45,545,545,49.99
32,8/9/2012 17:14,558,558,49.99
33,8/12/2012 1:39,577,577,49.99
34,8/12/2012 19:26,648,648,49.99
35,8/15/2012 3:07,669,669,49.99
36,8/16/2012 10:58,587,587,49.99
37,8/17/2012 0:42,581,581,49.99
38,8/17/2012 0:43,584,584,49.99
39,8/18/2012 9:15,638,638,49.99
40,8/20/2012 8:19,676,676,49.99
41,8/23/2012 12:16,717,717,49.99
42,8/24/2012 15:15,661,661,49.99
43,8/27/2012 4:21,694,694,49.99
44,8/27/2012 14:26,668,668,49.99
45,8/29/2012 0:16,739,739,49.99
46,8/29/2012 14:11,718,718,49.99
47,9/1/2012 10:36,780,780,49.99
48,9/3/2012 21:08,786,786,49.99
49,9/8/2012 9:52,760,760,49.99
50,9/12/2012 12:31,844,844,49.99
51,9/13/2012 7:09,823,823,49.99
52,9/14/2012 7:45,883,883,49.99
53,9/14/2012 9:09,818,818,49.99
54,9/14/2012 21:56,900,900,49.99
55,9/15/2012 9:00,838,838,49.99
56,9/15/2012 19:18,807,807,49.99
57,9/18/2012 8:07,910,910,49.99
58,9/19/2012 19:57,849,849,49.99
59,9/22/2012 17:50,988,988,49.99
60,9/24/2012 12:27,934,934,49.99
61,9/24/2012 15:13,993,993,49.99
62,9/24/2012 20:49,950,950,49.99
63,9/25/2012 8:14,969,969,49.99
64,9/27/2012 1:07,953,953,49.99
65,9/27/2012 4:26,905,905,49.99
66,9/29/2012 19:44,941,941,49.99
67,9/30/2012 10:29,939,939,49.99
68,10/2/2012 19:14,1006,1006,49.99
69,10/5/2012 11:06,1107,1107,49.99
70,10/5/2012 18:22,1069,1069,49.99
71,10/6/2012 0:04,984,984,49.99
72,10/6/2012 7:54,1021,1021,49.99
73,10/7/2012 1:25,1129,1129,49.99
74,10/7/2012 15:51,1103,1103,49.99
75,10/8/2012 15:43,1036,1036,49.99
76,10/10/2012 10:23,1063,1063,49.99
77,10/10/2012 13:15,1078,1078,49.99
78,10/10/2012 15:18,1056,1056,49.99
79,10/13/2012 21:35,1145,1145,49.99
80,10/14/2012 19:15,1123,1123,49.99
81,10/17/2012 12:24,1226,1226,49.99
82,10/20/2012 13:42,1279,1279,49.99
83,10/20/2012 17:49,1245,1245,49.99
84,10/21/2012 19:42,1271,1271,49.99
85,10/22/2012 11:33,1167,1167,49.99
86,10/22/2012 14:28,1243,1243,49.99
87,10/23/2012 18:58,1318,1318,49.99
88,10/25/2012 4:26,1227,1227,49.99
89,10/26/2012 7:25,1283,1283,49.99
90,10/28/2012 6:17,1222,1222,49.99
91,10/29/2012 0:19,1233,1233,49.99
92,11/1/2012 8:02,1274,1274,49.99
93,11/1/2012 17:40,1426,1426,49.99
94,11/1/2012 18:56,1267,1267,49.99
95,11/2/2012 14:46,1451,1451,49.99
96,11/3/2012 18:58,1445,1445,49.99
97,11/4/2012 6:41,1393,1393,49.99
98,11/5/2012 18:35,1351,1351,49.99
99,11/6/2012 16:47,1324,1324,49.99
100,11/6/2012 17:59,1480,1480,49.99
101,11/7/2012 10:23,1422,1422,49.99
102,11/9/2012 7:25,1368,1368,49.99
103,11/11/2012 2:57,1515,1515,49.99
104,11/12/2012 13:31,1468,1468,49.99
105,11/13/2012 4:28,1525,1525,49.99
106,11/13/2012 18:51,1547,1547,49.99
107,11/14/2012 1:09,1443,1443,49.99
108,11/14/2012 20:42,1559,1559,49.99
109,11/15/2012 3:18,1576,1576,49.99
110,11/15/2012 22:31,1552,1552,49.99
111,11/17/2012 16:07,1584,1584,49.99
112,11/17/2012 20:47,1483,1483,49.99
113,11/18/2012 11:31,1532,1532,49.99
114,11/18/2012 22:56,1544,1544,49.99
115,11/19/2012 17:29,1626,1626,49.99
116,11/21/2012 6:39,1638,1638,49.99
117,11/21/2012 18:20,1528,1528,49.99
118,11/22/2012 1:35,1653,1653,49.99
119,11/25/2012 21:13,1637,1637,49.99
120,11/25/2012 21:54,1756,1756,49.99
121,11/26/2012 3:35,1660,1660,49.99
122,11/26/2012 15:40,1646,1646,49.99
123,11/26/2012 23:13,1631,1631,49.99
124,11/27/2012 9:18,1617,1617,49.99
125,11/27/2012 9:36,1779,1779,49.99
126,11/27/2012 18:57,1848,1848,49.99
127,11/27/2012 19:18,1748,1748,49.99
128,11/28/2012 1:24,1815,1815,49.99
129,11/28/2012 12:23,1604,1604,49.99
130,11/29/2012 17:23,1908,1908,49.99
131,11/30/2012 10:45,1636,1636,49.99
132,12/2/2012 16:26,2064,2064,49.99
133,12/2/2012 20:46,2051,2051,49.99
134,12/2/2012 23:09,1988,1988,49.99
135,12/3/2012 0:54,1909,1909,49.99
136,12/3/2012 22:16,1905,1905,49.99
137,12/3/2012 22:45,1961,1961,49.99
138,12/4/2012 2:54,1918,1918,49.99
139,12/4/2012 15:16,1776,1776,49.99
140,12/4/2012 17:07,2028,2028,49.99
141,12/5/2012 13:29,1797,1797,49.99
142,12/5/2012 14:58,1915,1915,49.99
143,12/5/2012 21:25,1818,1818,49.99
144,12/6/2012 0:11,1947,1947,49.99
145,12/8/2012 9:35,1745,1745,49.99
146,12/9/2012 2:30,2050,2050,49.99
147,12/11/2012 9:41,2184,2184,49.99
148,12/12/2012 17:40,2098,2098,49.99
149,12/13/2012 18:49,2045,2045,49.99
150,12/13/2012 21:56,2241,2241,49.99
151,12/14/2012 0:26,2057,2057,49.99
152,12/15/2012 1:53,2165,2165,49.99
153,12/15/2012 18:15,2147,2147,49.99
154,12/18/2012 6:03,2341,2341,49.99
155,12/18/2012 10:33,2172,2172,49.99
156,12/18/2012 16:32,2244,2244,49.99
157,12/19/2012 10:27,2202,2202,49.99
158,12/20/2012 10:37,2365,2365,49.99
159,12/21/2012 23:38,2377,2377,49.99
160,12/22/2012 7:03,2415,2415,49.99
161,12/23/2012 12:55,2337,2337,49.99
162,12/24/2012 2:35,2249,2249,49.99
163,12/26/2012 16:24,2444,2444,49.99
164,12/26/2012 20:36,2445,2445,49.99
165,12/26/2012 21:48,2323,2323,49.99
166,12/27/2012 18:09,2398,2398,49.99
167,12/28/2012 15:07,2479,2479,49.99
168,12/31/2012 17:05,2446,2446,49.99
169,12/31/2012 22:19,2431,2431,49.99
170,1/1/2013 14:30,2426,2426,49.99
171,1/4/2013 0:06,2498,2498,49.99
172,1/4/2013 11:38,2489,2489,49.99
173,1/5/2013 17:00,2504,2504,49.99
174,1/6/2013 1:50,2492,2492,49.99
175,1/6/2013 7:42,2495,2495,49.99
176,1/7/2013 1:10,2549,2549,49.99
177,1/7/2013 17:47,2525,2525,49.99
178,1/9/2013 17:13,2619,2619,49.99
179,1/10/2013 20:07,2576,2576,49.99
180,1/12/2013 5:10,2711,2711,49.99
181,1/15/2013 12:24,2715,2715,49.99
182,1/15/2013 13:09,2621,2621,49.99
183,1/17/2013 4:44,2752,2752,49.99
184,1/17/2013 18:44,2660,2660,49.99
185,1/19/2013 22:51,2790,2790,49.99
186,1/24/2013 13:47,2755,2755,49.99
187,1/27/2013 4:11,2777,2777,49.99
188,1/27/2013 4:20,2789,2789,49.99
189,1/28/2013 8:17,2805,2805,49.99
190,1/29/2013 6:53,2846,2846,59.99
191,2/1/2013 19:47,2961,2961,49.99
192,2/1/2013 21:10,2833,2833,49.99
193,2/2/2013 14:05,2911,2911,49.99
194,2/3/2013 20:08,2978,2978,49.99
195,2/6/2013 16:47,2998,2998,59.99
196,2/7/2013 5:42,2906,2906,49.99
197,2/7/2013 20:48,2913,2913,49.99
198,2/10/2013 23:31,2958,2958,49.99
199,2/12/2013 0:01,3079,3079,49.99
200,2/12/2013 11:30,3014,3014,49.99
201,2/12/2013 13:57,3019,3019,49.99
202,2/13/2013 2:20,2999,2999,49.99
203,2/14/2013 1:34,3073,3073,49.99
204,2/20/2013 5:32,3048,3048,49.99
205,2/20/2013 5:50,3067,3067,49.99
206,2/20/2013 6:06,3284,3284,59.99
207,2/22/2013 5:03,3109,3109,49.99
208,2/22/2013 16:58,3297,3297,49.99
209,2/26/2013 16:19,3199,3199,49.99
210,2/27/2013 2:11,3118,3118,49.99
211,2/27/2013 15:03,3355,3355,49.99
212,2/28/2013 1:47,3178,3178,49.99
213,2/28/2013 3:34,3380,3380,49.99
214,3/2/2013 2:09,3306,3306,49.99
215,3/2/2013 2:13,3396,3396,49.99
216,3/4/2013 2:16,3313,3313,49.99
217,3/5/2013 3:49,3487,3487,49.99
218,3/5/2013 5:29,3373,3373,49.99
219,3/5/2013 9:12,3425,3425,49.99
220,3/6/2013 5:10,3400,3400,49.99
221,3/6/2013 7:46,3316,3316,49.99
222,3/7/2013 21:42,3452,3452,49.99
223,3/8/2013 12:47,3524,3524,49.99
224,3/8/2013 22:58,3517,3517,49.99
225,3/10/2013 19:23,3417,3417,49.99
226,3/17/2013 21:26,3499,3499,59.99
227,3/19/2013 7:16,3607,3607,49.99
228,3/19/2013 9:49,3573,3573,49.99
229,3/20/2013 7:28,3563,3563,59.99
230,3/21/2013 11:20,3585,3585,49.99
231,3/22/2013 13:12,3549,3549,49.99
232,3/24/2013 9:17,3633,3633,49.99
233,3/26/2013 3:39,3632,3632,49.99
234,3/31/2013 17:52,3806,3806,49.99
235,4/2/2013 12:23,3713,3713,49.99
236,4/3/2013 19:46,3769,3769,49.99
237,4/4/2013 8:41,3764,3764,49.99
238,4/5/2013 6:08,3807,3807,49.99
239,4/6/2013 17:10,3757,3757,49.99
240,4/7/2013 8:38,3814,3814,49.99
241,4/8/2013 12:42,3798,3798,59.99
242,4/8/2013 18:35,3856,3856,49.99
243,4/10/2013 4:56,3811,3811,49.99
244,4/10/2013 7:44,3953,3953,49.99
245,4/12/2013 7:36,3866,3866,49.99
246,4/17/2013 5:01,4033,4033,49.99
247,4/17/2013 14:45,3933,3933,49.99
248,4/18/2013 10:28,4114,4114,49.99
249,4/19/2013 2:21,4112,4112,49.99
250,4/19/2013 22:59,3989,3989,49.99
251,4/20/2013 2:52,4182,4182,49.99
252,4/20/2013 6:55,4045,4045,49.99
253,4/20/2013 13:19,4005,4005,49.99
254,4/20/2013 17:04,4001,4001,49.99
255,4/21/2013 9:43,4065,4065,49.99
256,4/22/2013 8:05,4037,4037,49.99
257,4/23/2013 12:58,3993,3993,49.99
258,5/2/2013 4:42,4222,4222,49.99
259,5/3/2013 15:55,4304,4304,59.99
260,5/4/2013 0:28,4396,4396,49.99
261,5/4/2013 18:05,4344,4344,49.99
262,5/5/2013 1:01,4257,4257,49.99
263,5/7/2013 2:38,4438,4438,49.99
264,5/9/2013 17:34,4420,4420,49.99
265,5/10/2013 3:35,4444,4444,49.99
266,5/10/2013 10:03,4507,4507,49.99
267,5/11/2013 0:13,4310,4310,49.99
268,5/14/2013 1:51,4494,4494,49.99
269,5/15/2013 17:04,4543,4543,49.99
270,5/15/2013 18:18,4590,4590,49.99
271,5/16/2013 7:19,4423,4423,49.99
272,5/18/2013 17:57,4696,4696,49.99
273,5/18/2013 20:00,4564,4564,49.99
274,5/19/2013 10:55,4610,4610,49.99
275,5/19/2013 20:13,4608,4608,49.99
276,5/19/2013 20:40,4576,4576,49.99
277,5/20/2013 13:06,4710,4710,49.99
278,5/21/2013 23:59,4611,4611,49.99
279,5/23/2013 14:00,4654,4654,49.99
280,5/23/2013 17:27,4620,4620,49.99
281,5/26/2013 23:35,4679,4679,59.99
282,5/27/2013 9:45,4793,4793,49.99
283,5/27/2013 21:46,4706,4706,49.99
284,5/28/2013 5:44,4726,4726,49.99
285,5/28/2013 10:43,4825,4825,49.99
286,5/28/2013 22:10,4680,4680,49.99
287,5/29/2013 0:40,4760,4760,59.99
288,5/31/2013 18:17,4758,4758,49.99
289,6/3/2013 23:06,4989,4989,49.99
290,6/4/2013 6:54,4915,4915,49.99
291,6/4/2013 14:12,4900,4900,49.99
292,6/4/2013 20:48,4807,4807,49.99
293,6/7/2013 10:18,4874,4874,49.99
294,6/7/2013 19:37,4879,4879,49.99
295,6/8/2013 21:55,5100,5100,49.99
296,6/8/2013 23:33,5095,5095,49.99
297,6/9/2013 3:43,5051,5051,49.99
298,6/9/2013 13:24,4993,4993,49.99
299,6/9/2013 17:42,4953,4953,49.99
300,6/11/2013 1:06,4907,4907,49.99
301,6/11/2013 3:12,5023,5023,49.99
302,6/11/2013 21:45,5134,5134,49.99
303,6/13/2013 12:18,4912,4912,49.99
304,6/17/2013 23:10,5007,5007,59.99
305,6/18/2013 6:57,5082,5082,49.99
306,6/18/2013 12:08,5257,5257,59.99
307,6/18/2013 21:43,5145,5145,49.99
308,6/19/2013 11:47,5128,5128,49.99
309,6/19/2013 14:16,5113,5113,49.99
310,6/20/2013 1:37,5168,5168,49.99
311,6/20/2013 3:04,5263,5263,59.99
312,6/20/2013 11:43,5124,5124,49.99
313,6/21/2013 3:48,5289,5289,59.99
314,6/22/2013 15:45,5108,5108,49.99
315,6/24/2013 2:44,5262,5262,49.99
316,6/24/2013 15:52,5333,5333,49.99
317,6/27/2013 4:27,5422,5422,49.99
318,6/27/2013 4:52,5284,5284,49.99
319,6/27/2013 14:13,5346,5346,49.99
320,6/27/2013 17:50,5261,5261,49.99
321,6/28/2013 6:53,5386,5386,49.99
322,6/28/2013 23:54,5239,5239,59.99
323,7/1/2013 3:30,5387,5387,49.99
324,7/1/2013 5:03,5531,5531,49.99
325,7/1/2013 9:39,5523,5523,49.99
326,7/2/2013 0:22,5518,5518,49.99
327,7/3/2013 10:54,5412,5412,49.99
328,7/3/2013 13:20,5565,5565,49.99
329,7/3/2013 13:41,5323,5323,49.99
330,7/3/2013 15:47,5390,5390,49.99
331,7/3/2013 18:05,5462,5462,49.99
332,7/4/2013 2:35,5408,5408,49.99
333,7/5/2013 1:53,5430,5430,49.99
334,7/6/2013 8:00,5474,5474,49.99
335,7/7/2013 2:47,5496,5496,49.99
336,7/7/2013 12:52,5569,5569,49.99
337,7/7/2013 14:19,5405,5405,49.99
338,7/7/2013 14:20,5586,5586,49.99
339,7/8/2013 3:47,5574,5574,49.99
340,7/8/2013 13:37,5616,5616,49.99
341,7/9/2013 4:00,5451,5451,49.99
342,7/9/2013 6:03,5635,5635,49.99
343,7/11/2013 8:00,5631,5631,49.99
344,7/11/2013 15:40,5663,5663,49.99
345,7/12/2013 7:03,5700,5700,49.99
346,7/12/2013 21:00,5712,5712,49.99
347,7/13/2013 9:03,5607,5607,49.99
348,7/14/2013 8:59,5576,5576,49.99
349,7/14/2013 13:17,5683,5683,49.99
350,7/15/2013 19:22,5746,5746,49.99
351,7/16/2013 7:11,5578,5578,49.99
352,7/18/2013 22:37,5843,5843,49.99
353,7/21/2013 1:03,5650,5650,49.99
354,7/22/2013 0:53,5696,5696,49.99
355,7/22/2013 13:38,5750,5750,59.99
356,7/22/2013 16:36,5906,5906,49.99
357,7/23/2013 0:18,5847,5847,59.99
358,7/25/2013 9:25,5863,5863,49.99
359,7/25/2013 12:16,5802,5802,49.99
360,7/25/2013 12:44,5855,5855,49.99
361,7/26/2013 7:06,5799,5799,49.99
362,7/27/2013 6:08,6031,6031,49.99
363,7/27/2013 23:29,5914,5914,49.99
364,7/28/2013 22:35,5865,5865,49.99
365,7/29/2013 14:16,5938,5938,49.99
366,7/29/2013 22:14,5946,5946,49.99
367,7/31/2013 17:11,6074,6074,49.99
368,8/1/2013 13:54,6047,6047,49.99
369,8/2/2013 14:28,6158,6158,49.99
370,8/5/2013 3:29,6054,6054,49.99
371,8/5/2013 6:30,5933,5933,49.99
372,8/6/2013 15:56,5993,5993,59.99
373,8/6/2013 23:05,6052,6052,49.99
374,8/7/2013 3:10,6139,6139,49.99
375,8/7/2013 17:43,6195,6195,49.99
376,8/7/2013 18:48,6075,6075,49.99
377,8/8/2013 1:45,6059,6059,49.99
378,8/8/2013 5:48,6008,6008,49.99
379,8/9/2013 2:05,6269,6269,49.99
380,8/9/2013 18:01,6110,6110,49.99
381,8/11/2013 8:49,6226,6226,49.99
382,8/11/2013 21:31,6247,6247,49.99
383,8/12/2013 11:23,6251,6251,49.99
384,8/13/2013 19:22,6324,6324,49.99
385,8/13/2013 19:29,6103,6103,49.99
386,8/14/2013 20:55,6173,6173,49.99
387,8/16/2013 18:07,6215,6215,49.99
388,8/17/2013 11:59,6244,6244,49.99
389,8/18/2013 14:43,6395,6395,59.99
390,8/19/2013 0:45,6387,6387,49.99
391,8/19/2013 6:11,6259,6259,49.99
392,8/19/2013 10:30,6273,6273,49.99
393,8/19/2013 20:05,6421,6421,49.99
394,8/20/2013 1:34,6302,6302,49.99
395,8/23/2013 11:30,6355,6355,49.99
396,8/23/2013 20:08,6432,6432,49.99
397,8/25/2013 14:35,6528,6528,49.99
398,8/25/2013 18:27,6465,6465,49.99
399,8/26/2013 18:26,6461,6461,49.99
400,8/27/2013 7:05,6634,6634,49.99
401,8/29/2013 4:21,6451,6451,49.99
402,8/29/2013 12:26,6526,6526,49.99
403,9/1/2013 4:47,6504,6504,49.99
404,9/2/2013 21:26,6589,6589,49.99
405,9/3/2013 11:29,6627,6627,49.99
406,9/7/2013 8:56,6758,6758,49.99
407,9/8/2013 6:13,6721,6721,49.99
408,9/10/2013 12:36,6805,6805,49.99
409,9/11/2013 3:49,6743,6743,49.99
410,9/11/2013 23:05,6882,6882,49.99
411,9/12/2013 2:42,6899,6899,49.99
412,9/13/2013 18:33,6943,6943,49.99
413,9/14/2013 1:52,6750,6750,49.99
414,9/16/2013 20:39,6940,6940,49.99
415,9/16/2013 22:24,6825,6825,49.99
416,9/17/2013 16:28,6865,6865,49.99
417,9/17/2013 20:47,7009,7009,49.99
418,9/18/2013 13:29,6991,6991,49.99
419,9/19/2013 18:39,7035,7035,49.99
420,9/20/2013 14:30,6947,6947,49.99
421,9/21/2013 22:18,6952,6952,49.99
422,9/22/2013 23:10,6981,6981,49.99
423,9/23/2013 3:03,6999,6999,49.99
424,9/25/2013 5:22,7154,7154,49.99
425,9/26/2013 20:43,7250,7250,49.99
426,9/30/2013 1:36,7077,7077,49.99
427,10/2/2013 3:32,7230,7230,49.99
428,10/2/2013 19:43,7354,7351,59.99
429,10/4/2013 22:30,7164,7164,49.99
430,10/4/2013 23:06,7192,7192,49.99
431,10/6/2013 4:31,7480,7473,49.99
432,10/6/2013 22:07,7512,7503,49.99
433,10/7/2013 4:37,7259,7259,49.99
434,10/8/2013 21:41,7323,7320,49.99
435,10/9/2013 13:13,7308,7306,49.99
436,10/11/2013 5:30,7533,7522,49.99
437,10/14/2013 23:30,7582,7567,59.99
438,10/15/2013 0:17,7502,7493,49.99
439,10/19/2013 11:41,7741,7718,49.99
440,10/21/2013 16:51,7736,7713,49.99
441,10/22/2013 18:03,7636,7616,49.99
442,10/23/2013 14:51,7889,7863,49.99
443,10/24/2013 9:28,7598,7582,49.99
444,10/26/2013 6:25,7667,7647,49.99
445,10/28/2013 10:54,8014,7984,49.99
446,11/1/2013 16:52,7847,7821,49.99
447,11/1/2013 17:19,7877,7851,59.99
448,11/2/2013 10:20,7945,7916,49.99
449,11/3/2013 19:47,8101,8069,49.99
450,11/5/2013 16:01,8164,8128,49.99
451,11/6/2013 18:24,8041,8011,49.99
452,11/7/2013 5:48,7939,7910,49.99
453,11/7/2013 6:57,8049,8019,49.99
454,11/13/2013 22:31,8270,8232,49.99
455,11/15/2013 2:25,8287,8248,49.99
456,11/22/2013 9:14,8530,8481,49.99
457,11/22/2013 13:33,8521,8472,49.99
458,11/24/2013 9:50,8578,8527,49.99
459,11/25/2013 15:12,8359,8319,59.99
460,11/25/2013 19:05,8657,8604,49.99
461,11/27/2013 7:35,8637,8586,49.99
462,11/27/2013 18:59,8602,8551,49.99
463,11/28/2013 1:44,8703,8647,59.99
464,12/1/2013 8:03,8783,8722,49.99
465,12/1/2013 17:57,8732,8674,49.99
466,12/2/2013 4:41,8729,8671,49.99
467,12/3/2013 5:30,9052,8979,49.99
468,12/3/2013 14:51,8737,8678,49.99
469,12/4/2013 14:42,8911,8843,49.99
470,12/5/2013 9:22,8675,8622,59.99
471,12/6/2013 19:16,9086,9010,49.99
472,12/7/2013 4:38,8856,8789,49.99
473,12/7/2013 11:04,8836,8770,49.99
474,12/8/2013 7:14,8935,8867,49.99
475,12/8/2013 7:28,8967,8896,59.99
476,12/9/2013 20:11,8957,8887,49.99
477,12/10/2013 1:44,8929,8861,49.99
478,12/10/2013 11:08,8978,8906,49.99
479,12/10/2013 15:51,8997,8925,49.99
480,12/10/2013 20:42,9069,8996,49.99
481,12/11/2013 3:20,9181,9103,59.99
482,12/11/2013 13:27,8992,8920,49.99
483,12/12/2013 13:14,9378,9297,49.99
484,12/13/2013 10:50,8915,8847,49.99
485,12/13/2013 19:03,9386,9304,59.99
486,12/14/2013 3:53,9344,9264,49.99
487,12/14/2013 15:33,8849,8782,49.99
488,12/16/2013 11:50,9407,9324,59.99
489,12/16/2013 14:51,9359,9278,49.99
490,12/17/2013 22:11,9550,9456,45.99
491,12/18/2013 20:11,9324,9244,49.99
492,12/19/2013 21:50,9406,9324,49.99
493,12/20/2013 8:33,9443,9356,49.99
494,12/22/2013 3:33,9753,9637,45.99
495,12/22/2013 20:59,9705,9593,49.99
496,12/23/2013 7:35,9831,9708,49.99
497,12/23/2013 8:06,9632,9530,49.99
498,12/23/2013 14:07,9717,9604,49.99
499,12/24/2013 22:26,9413,9330,49.99
500,12/26/2013 21:12,9662,9557,49.99
501,12/27/2013 7:23,9668,9562,49.99
502,12/27/2013 9:07,9844,9720,45.99
503,12/27/2013 20:01,9508,9417,45.99
504,12/28/2013 22:25,9752,9636,49.99
505,12/29/2013 4:25,9658,9553,45.99
506,12/30/2013 11:01,9886,9759,45.99
507,12/31/2013 14:12,9821,9700,49.99
508,12/31/2013 22:38,9611,9512,49.99
509,1/3/2014 0:42,9971,9838,59.99
510,1/3/2014 22:46,10104,9949,45.99
511,1/5/2014 0:43,10075,9925,45.99
512,1/6/2014 7:13,10047,9903,45.99
513,1/6/2014 10:30,10274,10098,49.99
514,1/7/2014 5:19,9891,9763,45.99
515,1/7/2014 12:18,10068,9919,49.99
516,1/8/2014 17:28,10285,10109,49.99
517,1/9/2014 14:13,10207,10041,45.99
518,1/12/2014 19:15,10321,10143,59.99
519,1/14/2014 18:19,10509,10309,45.99
520,1/14/2014 19:40,10430,10241,59.99
521,1/15/2014 20:06,10330,10151,45.99
522,1/16/2014 1:14,10604,10395,45.99
523,1/17/2014 1:59,10540,10335,45.99
524,1/17/2014 6:59,10301,10124,49.99
525,1/17/2014 17:53,10334,10155,49.99
526,1/19/2014 8:22,10699,10478,45.99
527,1/20/2014 6:39,10577,10371,49.99
528,1/20/2014 18:13,10373,10191,49.99
529,1/21/2014 2:43,10503,10304,49.99
530,1/21/2014 17:37,10707,10486,49.99
531,1/22/2014 20:04,10771,10540,49.99
532,1/22/2014 20:47,10385,10202,45.99
533,1/23/2014 6:10,10671,10454,49.99
534,1/23/2014 6:59,10669,10453,49.99
535,1/25/2014 12:11,10820,10582,45.99
536,1/25/2014 19:50,10513,10312,49.99
537,1/27/2014 21:08,10690,10470,59.99
538,1/28/2014 9:57,10977,10719,49.99
539,1/28/2014 13:22,10673,10456,49.99
540,1/28/2014 22:50,10854,10610,45.99
541,1/29/2014 13:24,10653,10439,49.99
542,1/30/2014 4:06,10624,10413,49.99
543,1/30/2014 10:46,10618,10408,59.99
544,1/31/2014 10:37,10859,10615,49.99
545,2/1/2014 3:08,10792,10558,49.99
546,2/1/2014 3:22,10721,10497,49.99
547,2/2/2014 0:25,10949,10693,49.99
548,2/2/2014 5:38,10786,10553,49.99
549,2/2/2014 12:30,10746,10519,49.99
550,2/2/2014 21:05,10934,10678,45.99
551,2/3/2014 12:01,10851,10607,49.99
552,2/4/2014 13:36,10994,10736,49.99
553,2/5/2014 6:19,10965,10707,49.99
554,2/5/2014 10:56,11162,10885,49.99
555,2/5/2014 16:23,11368,11062,49.99
556,2/6/2014 4:08,11313,11018,49.99
557,2/6/2014 12:15,11030,10769,49.99
558,2/7/2014 2:50,11110,10839,45.99
559,2/8/2014 22:50,11418,11106,49.99
560,2/9/2014 1:42,11153,10877,49.99
561,2/9/2014 6:23,11155,10878,49.99
562,2/9/2014 8:01,11554,11208,45.99
563,2/10/2014 5:50,11525,11188,49.99
564,2/10/2014 7:35,11455,11139,49.99
565,2/10/2014 20:08,11199,10917,45.99
566,2/11/2014 17:13,11272,10983,49.99
567,2/12/2014 1:32,11144,10869,45.99
568,2/12/2014 3:28,11393,11084,45.99
569,2/14/2014 8:29,11184,10904,49.99
570,2/14/2014 9:10,11482,11157,45.99
571,2/14/2014 9:38,11439,11124,49.99
572,2/14/2014 17:13,11758,11367,59.99
573,2/14/2014 17:59,11788,11390,45.99
574,2/15/2014 14:12,11550,11206,45.99
575,2/15/2014 21:54,11600,11244,49.99
576,2/17/2014 22:42,11493,11165,29.99
577,2/18/2014 20:53,11557,11211,49.99
578,2/20/2014 14:42,11944,11511,45.99
579,2/22/2014 9:50,12144,11658,49.99
580,2/22/2014 18:45,12068,11603,49.99
581,2/23/2014 12:02,11629,11265,59.99
582,2/23/2014 16:11,12174,11680,49.99
583,2/24/2014 0:08,12330,11787,45.99
584,2/24/2014 8:18,11825,11419,59.99
585,2/24/2014 13:55,11955,11522,59.99
586,2/25/2014 19:36,11778,11382,59.99
587,2/26/2014 13:26,12044,11588,49.99
588,2/26/2014 15:13,12097,11626,49.99
589,2/26/2014 17:19,12320,11780,45.99
590,2/27/2014 9:25,12444,11877,49.99
591,2/27/2014 14:34,12175,11681,45.99
592,2/28/2014 2:31,12373,11822,49.99
593,2/28/2014 21:22,12438,11873,45.99
594,3/1/2014 10:59,11974,11535,59.99
595,3/1/2014 13:21,12122,11643,45.99
596,3/1/2014 20:14,12430,11866,29.99
597,3/2/2014 2:18,12035,11582,49.99
598,3/2/2014 20:08,12359,11811,45.99
599,3/2/2014 20:33,12406,11848,49.99
600,3/3/2014 23:49,12135,11652,49.99
601,3/4/2014 19:59,12287,11760,45.99
602,3/5/2014 11:49,12608,11999,49.99
603,3/8/2014 0:37,12744,12101,49.99
604,3/8/2014 1:13,12737,12095,49.99
605,3/9/2014 5:12,12761,12115,45.99
606,3/9/2014 6:52,12403,11845,49.99
607,3/9/2014 19:25,12544,11951,49.99
608,3/11/2014 4:40,12531,11941,49.99
609,3/13/2014 3:24,12591,11987,49.99
610,3/13/2014 3:26,12738,12096,49.99
611,3/14/2014 14:28,12560,11964,45.99
612,3/15/2014 4:16,13175,12436,49.99
613,3/15/2014 9:09,12869,12198,49.99
614,3/16/2014 10:27,12724,12085,49.99
615,3/16/2014 15:24,12844,12179,59.99
616,3/17/2014 18:34,13224,12470,49.99
617,3/18/2014 1:20,13251,12491,45.99
618,3/18/2014 12:58,12902,12225,45.99
619,3/19/2014 19:06,13003,12295,49.99
620,3/20/2014 4:50,12970,12273,45.99
621,3/20/2014 10:40,13150,12414,49.99
622,3/21/2014 2:37,13405,12601,49.99
623,3/22/2014 21:17,13530,12694,45.99
624,3/23/2014 13:10,12960,12267,45.99
625,3/23/2014 22:27,13165,12428,49.99
626,3/24/2014 15:46,13651,12783,49.99
627,3/24/2014 20:15,13259,12497,45.99
628,3/25/2014 6:33,13108,12377,49.99
629,3/25/2014 18:40,13230,12474,29.99
630,3/26/2014 2:11,13669,12798,49.99
631,3/26/2014 9:52,13542,12704,49.99
632,3/26/2014 14:46,13508,12677,45.99
633,3/27/2014 12:38,13343,12553,59.99
634,3/28/2014 11:16,13606,12749,45.99
635,3/28/2014 12:21,13438,12626,45.99
636,3/28/2014 13:07,13400,12596,49.99
637,3/29/2014 14:27,13817,12905,49.99
638,3/30/2014 22:35,13452,12637,49.99
639,4/1/2014 11:14,13903,12967,45.99
640,4/2/2014 3:44,13904,12968,45.99
641,4/2/2014 10:48,13458,12640,49.99
642,4/2/2014 21:25,13769,12868,45.99
643,4/4/2014 4:14,13855,12932,45.99
644,4/4/2014 4:48,13766,12866,49.99
645,4/4/2014 13:08,13956,13006,45.99
646,4/4/2014 18:11,13983,13028,45.99
647,4/5/2014 4:16,13962,13011,49.99
648,4/5/2014 18:00,13939,12994,49.99
649,4/6/2014 17:59,13798,12891,45.99
650,4/7/2014 13:50,14161,13162,49.99
651,4/8/2014 5:13,13934,12989,49.99
652,4/9/2014 21:50,14244,13227,49.99
653,4/10/2014 4:04,14320,13285,49.99
654,4/10/2014 7:27,14331,13293,49.99
655,4/11/2014 7:40,13883,12951,59.99
656,4/11/2014 8:27,14397,13339,45.99
657,4/11/2014 10:24,14216,13206,49.99
658,4/12/2014 5:30,13964,13012,49.99
659,4/13/2014 4:59,14429,13361,49.99
660,4/13/2014 6:48,14175,13172,49.99
661,4/13/2014 19:40,14377,13324,49.99
662,4/16/2014 0:44,14160,13161,49.99
663,4/17/2014 15:06,14610,13503,49.99
664,4/18/2014 4:58,14798,13640,49.99
665,4/18/2014 14:31,14407,13345,49.99
666,4/19/2014 2:35,14803,13644,49.99
667,4/19/2014 8:20,14466,13389,49.99
668,4/19/2014 12:23,14432,13363,49.99
669,4/20/2014 12:19,14721,13586,45.99
670,4/20/2014 13:12,14444,13372,49.99
671,4/20/2014 15:16,14985,13785,49.99
672,4/21/2014 2:44,14591,13489,45.99
673,4/21/2014 12:36,14427,13360,49.99
674,4/21/2014 19:09,14920,13737,45.99
675,4/22/2014 7:02,14975,13778,49.99
676,4/22/2014 7:08,15005,13798,49.99
677,4/22/2014 15:39,14785,13630,45.99
678,4/23/2014 3:12,14832,13667,45.99
679,4/24/2014 2:49,14766,13618,45.99
680,4/24/2014 4:28,15133,13889,59.99
681,4/24/2014 20:20,14554,13458,49.99
682,4/25/2014 7:19,15207,13946,45.99
683,4/25/2014 13:14,14628,13516,45.99
684,4/25/2014 18:29,14838,13672,49.99
685,4/26/2014 12:10,15115,13875,49.99
686,4/27/2014 5:43,14855,13687,49.99
687,4/27/2014 9:17,15256,13986,45.99
688,4/27/2014 14:23,14851,13683,49.99
689,4/28/2014 22:56,14742,13602,49.99
690,4/29/2014 0:42,15353,14054,49.99
691,4/29/2014 9:55,14996,13792,59.99
692,4/29/2014 10:32,15391,14081,45.99
693,4/30/2014 19:04,14771,13622,49.99
694,5/1/2014 0:31,15140,13894,45.99
695,5/1/2014 18:03,15188,13930,49.99
696,5/2/2014 16:55,14946,13756,45.99
697,5/3/2014 3:09,15108,13871,49.99
698,5/4/2014 7:02,15811,14392,49.99
699,5/4/2014 7:32,15518,14172,29.99
700,5/4/2014 15:54,15255,13985,59.99
701,5/5/2014 3:44,15848,14419,45.99
702,5/5/2014 13:42,15266,13994,29.99
703,5/6/2014 20:02,15399,14086,49.99
704,5/7/2014 3:07,15377,14070,45.99
705,5/7/2014 6:43,15926,14476,45.99
706,5/8/2014 15:13,15482,14146,29.99
707,5/8/2014 16:54,15571,14213,45.99
708,5/9/2014 1:36,15703,14314,45.99
709,5/9/2014 5:29,15508,14165,45.99
710,5/9/2014 9:10,15709,14317,59.99
711,5/9/2014 17:22,15833,14408,45.99
712,5/10/2014 3:34,15630,14260,45.99
713,5/10/2014 5:46,16082,14585,29.99
714,5/11/2014 9:55,15462,14131,29.99
715,5/12/2014 18:25,15924,14475,49.99
716,5/13/2014 8:24,15593,14230,49.99
717,5/13/2014 9:57,16030,14547,45.99
718,5/13/2014 20:01,16020,14542,49.99
719,5/13/2014 21:20,15824,14401,45.99
720,5/14/2014 14:17,15853,14423,45.99
721,5/15/2014 12:39,16235,14697,45.99
722,5/16/2014 5:06,15843,14416,45.99
723,5/17/2014 8:41,16056,14566,49.99
724,5/17/2014 18:23,16173,14653,45.99
725,5/18/2014 7:29,16633,14989,49.99
726,5/19/2014 2:24,16418,14830,49.99
727,5/20/2014 5:11,15974,14507,49.99
728,5/20/2014 13:49,16565,14936,49.99
729,5/20/2014 15:26,16416,14828,45.99
730,5/20/2014 19:49,16329,14766,45.99
731,5/21/2014 11:40,16304,14747,59.99
732,5/22/2014 13:59,16062,14570,49.99
733,5/23/2014 2:39,16414,14827,49.99
734,5/23/2014 22:34,16618,14975,49.99
735,5/24/2014 8:40,16257,14715,49.99
736,5/24/2014 9:37,16627,14984,49.99
737,5/24/2014 23:31,17110,15338,49.99
738,5/26/2014 6:35,16378,14801,49.99
739,5/27/2014 16:57,16851,15148,49.99
740,5/28/2014 19:36,16641,14993,45.99
741,5/29/2014 10:00,16690,15033,45.99
742,5/29/2014 14:11,16670,15016,49.99
743,5/30/2014 2:21,17234,15436,59.99
744,5/31/2014 12:25,17089,15323,45.99
745,6/1/2014 20:34,17214,15419,59.99
746,6/1/2014 20:47,17273,15465,45.99
747,6/2/2014 0:36,17132,15353,29.99
748,6/2/2014 2:10,17360,15523,49.99
749,6/2/2014 12:30,16879,15166,45.99
750,6/3/2014 5:15,16962,15229,49.99
751,6/3/2014 13:09,17620,15715,49.99
752,6/3/2014 18:50,16956,15224,49.99
753,6/3/2014 22:15,17510,15633,45.99
754,6/4/2014 18:41,17459,15596,49.99
755,6/4/2014 21:04,17173,15388,49.99
756,6/5/2014 3:52,17265,15458,59.99
757,6/6/2014 3:59,17642,15732,49.99
758,6/6/2014 15:51,17482,15613,49.99
759,6/7/2014 10:20,17750,15810,59.99
760,6/8/2014 9:58,17601,15702,49.99
761,6/8/2014 20:39,17881,15908,49.99
762,6/9/2014 0:25,17857,15890,49.99
763,6/9/2014 1:51,17385,15539,49.99
764,6/9/2014 2:00,17209,15415,49.99
765,6/9/2014 18:47,17419,15565,49.99
766,6/10/2014 0:33,17938,15946,49.99
767,6/10/2014 3:34,17403,15555,49.99
768,6/10/2014 4:55,17354,15519,49.99
769,6/10/2014 18:38,17829,15870,49.99
770,6/11/2014 23:40,17751,15811,49.99
771,6/12/2014 9:32,17619,15714,45.99
772,6/12/2014 17:43,18032,16015,45.99
773,6/13/2014 1:00,17554,15668,49.99
774,6/13/2014 14:15,18080,16053,49.99
775,6/14/2014 8:51,17845,15879,49.99
776,6/14/2014 15:16,17672,15752,59.99
777,6/14/2014 18:36,18019,16005,49.99
778,6/16/2014 2:19,18320,16227,29.99
779,6/16/2014 14:30,18110,16073,29.99
780,6/16/2014 17:06,17848,15882,49.99
781,6/17/2014 12:08,18271,16192,49.99
782,6/17/2014 19:52,18288,16204,49.99
783,6/17/2014 19:57,17755,15814,45.99
784,6/18/2014 1:58,18146,16101,49.99
785,6/18/2014 9:26,18415,16302,49.99
786,6/18/2014 23:05,17856,15889,49.99
787,6/19/2014 3:20,18070,16045,29.99
788,6/19/2014 11:33,18375,16274,49.99
789,6/19/2014 13:09,18327,16233,49.99
790,6/19/2014 15:08,18053,16033,49.99
791,6/20/2014 2:10,18573,16422,49.99
792,6/20/2014 8:52,17828,15869,45.99
793,6/20/2014 14:18,18419,16305,49.99
794,6/21/2014 10:52,18301,16215,49.99
795,6/21/2014 17:18,18389,16284,29.99
796,6/22/2014 12:11,18049,16029,45.99
797,6/22/2014 12:41,18100,16067,49.99
798,6/22/2014 14:53,18698,16514,49.99
799,6/23/2014 2:15,18267,16189,49.99
800,6/23/2014 6:51,18609,16445,45.99
801,6/23/2014 10:37,18090,16060,59.99
802,6/24/2014 17:14,18312,16223,49.99
803,6/24/2014 23:12,18072,16047,49.99
804,6/25/2014 13:51,18686,16503,49.99
805,6/25/2014 22:20,18847,16628,45.99
806,6/27/2014 4:13,18226,16160,45.99
807,6/27/2014 6:57,18599,16438,59.99
808,6/28/2014 7:36,18713,16526,59.99
809,6/29/2014 2:03,18804,16596,45.99
810,6/29/2014 16:50,18542,16398,49.99
811,6/29/2014 21:40,19138,16836,45.99
812,6/30/2014 4:33,18720,16531,49.99
813,6/30/2014 18:02,18602,16440,59.99
814,7/1/2014 9:38,19100,16814,49.99
815,7/1/2014 16:06,18532,16392,49.99
816,7/1/2014 21:18,18903,16671,45.99
817,7/2/2014 3:28,18658,16481,49.99
818,7/2/2014 13:44,18786,16582,45.99
819,7/2/2014 14:22,18578,16425,49.99
820,7/2/2014 15:55,18954,16704,49.99
821,7/4/2014 4:13,19097,16811,59.99
822,7/4/2014 5:57,19235,16908,49.99
823,7/4/2014 6:55,19318,16971,49.99
824,7/4/2014 13:49,19052,16781,49.99
825,7/4/2014 23:55,19213,16890,29.99
826,7/5/2014 0:06,19268,16936,45.99
827,7/6/2014 0:14,18719,16530,49.99
828,7/6/2014 2:38,19335,16984,49.99
829,7/6/2014 5:18,19076,16796,29.99
830,7/6/2014 5:49,18777,16577,49.99
831,7/6/2014 7:22,18849,16630,49.99
832,7/6/2014 8:10,18826,16613,59.99
833,7/6/2014 13:12,18922,16684,45.99
834,7/6/2014 15:52,18889,16660,49.99
835,7/7/2014 4:46,19025,16761,49.99
836,7/7/2014 4:56,19336,16985,49.99
837,7/7/2014 8:06,19220,16896,49.99
838,7/7/2014 15:51,19216,16893,49.99
839,7/8/2014 9:44,18994,16738,45.99
840,7/9/2014 0:44,19103,16816,49.99
841,7/9/2014 2:34,19529,17127,29.99
842,7/9/2014 14:34,19206,16885,45.99
843,7/10/2014 13:01,19029,16764,49.99
844,7/11/2014 10:48,19232,16905,59.99
845,7/11/2014 11:34,19606,17189,49.99
846,7/11/2014 23:36,19272,16939,49.99
847,7/12/2014 0:17,19433,17058,59.99
848,7/12/2014 7:42,19558,17150,49.99
849,7/12/2014 14:29,19251,16921,49.99
850,7/12/2014 19:13,19451,17070,45.99
851,7/13/2014 6:35,19174,16862,49.99
852,7/13/2014 16:28,19140,16838,49.99
853,7/14/2014 1:41,19342,16990,49.99
854,7/14/2014 4:09,19281,16944,49.99
855,7/14/2014 11:37,19728,17280,49.99
856,7/14/2014 20:51,19822,17349,49.99
857,7/15/2014 19:26,19332,16981,45.99
858,7/16/2014 4:20,19858,17375,49.99
859,7/16/2014 21:44,19347,16994,59.99
860,7/17/2014 8:28,20036,17508,49.99
861,7/17/2014 13:25,19981,17467,49.99
862,7/18/2014 0:05,19866,17381,29.99
863,7/18/2014 17:34,20132,17575,49.99
864,7/19/2014 9:33,19831,17355,59.99
865,7/19/2014 15:34,20189,17614,49.99
866,7/19/2014 21:00,19942,17437,49.99
867,7/21/2014 4:57,19684,17246,45.99
868,7/21/2014 21:47,19635,17211,49.99
869,7/21/2014 23:16,20129,17573,49.99
870,7/22/2014 6:58,19671,17236,59.99
871,7/23/2014 5:12,20022,17498,59.99
872,7/23/2014 6:48,19811,17340,49.99
873,7/23/2014 10:04,20160,17596,45.99
874,7/23/2014 13:48,20210,17630,49.99
875,7/23/2014 23:07,20371,17755,45.99
876,7/24/2014 7:20,20380,17761,49.99
877,7/24/2014 14:37,20339,17730,49.99
878,7/24/2014 19:48,19797,17330,59.99
879,7/25/2014 14:12,20262,17674,29.99
880,7/25/2014 20:25,19848,17368,49.99
881,7/26/2014 17:17,20355,17743,49.99
882,7/26/2014 22:01,19933,17430,49.99
883,7/27/2014 11:36,20171,17603,49.99
884,7/28/2014 0:37,19919,17418,49.99
885,7/28/2014 11:48,20070,17530,45.99
886,7/28/2014 18:37,20116,17564,49.99
887,7/28/2014 19:26,20288,17693,49.99
888,7/29/2014 0:41,20439,17805,49.99
889,7/29/2014 3:12,20092,17547,49.99
890,7/29/2014 13:26,20374,17757,49.99
891,7/30/2014 5:50,20620,17934,45.99
892,8/1/2014 8:10,20645,17954,49.99
893,8/2/2014 4:13,20342,17733,45.99
894,8/2/2014 6:45,20425,17796,59.99
895,8/2/2014 15:13,20506,17855,49.99
896,8/2/2014 16:01,20276,17685,59.99
897,8/2/2014 23:55,20740,18022,49.99
898,8/3/2014 17:08,20469,17829,59.99
899,8/4/2014 2:54,21063,18259,49.99
900,8/4/2014 15:17,20316,17714,45.99
901,8/5/2014 16:23,20779,18051,49.99
902,8/6/2014 2:16,20773,18046,45.99
903,8/6/2014 6:30,20398,17776,29.99
904,8/6/2014 21:16,20607,17926,49.99
905,8/7/2014 6:08,20621,17935,49.99
906,8/8/2014 22:42,21221,18376,45.99
907,8/9/2014 20:04,20990,18205,49.99
908,8/10/2014 10:04,20973,18192,49.99
909,8/11/2014 12:49,21303,18438,45.99
910,8/11/2014 18:50,20876,18124,49.99
911,8/12/2014 3:12,21205,18364,49.99
912,8/12/2014 3:31,21103,18287,49.99
913,8/12/2014 8:38,21014,18222,49.99
914,8/12/2014 11:49,21349,18472,45.99
915,8/12/2014 19:19,21306,18441,49.99
916,8/14/2014 2:05,21084,18274,59.99
917,8/14/2014 2:46,21143,18319,45.99
918,8/14/2014 8:17,21025,18230,49.99
919,8/14/2014 21:53,21011,18219,49.99
920,8/14/2014 23:04,20991,18206,45.99
921,8/15/2014 3:49,21254,18402,49.99
922,8/15/2014 4:53,21223,18377,49.99
923,8/15/2014 23:29,21507,18592,49.99
924,8/16/2014 21:52,21421,18529,45.99
925,8/16/2014 22:57,21744,18767,49.99
926,8/17/2014 13:01,21714,18743,49.99
927,8/20/2014 9:20,21345,18470,49.99
928,8/20/2014 16:09,21882,18871,49.99
929,8/20/2014 20:03,21356,18478,45.99
930,8/21/2014 9:33,21276,18419,49.99
931,8/21/2014 22:03,21319,18451,49.99
932,8/22/2014 17:34,21639,18690,49.99
933,8/23/2014 0:56,22216,19116,49.99
934,8/23/2014 9:47,22133,19054,49.99
935,8/23/2014 10:17,22129,19050,49.99
936,8/23/2014 10:59,21423,18530,45.99
937,8/23/2014 11:30,22155,19070,49.99
938,8/23/2014 16:59,21829,18830,45.99
939,8/23/2014 18:23,22107,19032,49.99
940,8/24/2014 0:13,22123,19046,49.99
941,8/24/2014 2:19,22215,19115,49.99
942,8/24/2014 5:00,21855,18849,45.99
943,8/24/2014 14:52,22166,19078,49.99
944,8/24/2014 18:04,22169,19081,49.99
945,8/24/2014 19:31,22208,19110,49.99
946,8/24/2014 20:13,22247,19138,49.99
947,8/24/2014 21:29,21939,18915,45.99
948,8/24/2014 22:22,22118,19042,59.99
949,8/25/2014 3:05,22142,19060,49.99
950,8/25/2014 4:26,22267,19154,45.99
951,8/25/2014 6:58,21841,18839,49.99
952,8/25/2014 17:10,22201,19105,45.99
953,8/25/2014 17:52,22177,19086,45.99
954,8/25/2014 22:31,22336,19206,49.99
955,8/25/2014 23:05,22316,19191,49.99
956,8/26/2014 9:21,22117,19041,45.99
957,8/26/2014 20:07,21592,18657,59.99
958,8/27/2014 22:20,21876,18866,49.99
959,8/28/2014 19:54,22375,19237,49.99
960,8/29/2014 4:11,21889,18877,49.99
961,8/29/2014 8:14,22481,19313,45.99
962,8/29/2014 10:49,22270,19157,49.99
963,8/29/2014 13:15,22312,19188,49.99
964,8/29/2014 13:57,21794,18805,45.99
965,8/29/2014 18:39,22505,19329,49.99
966,8/29/2014 19:00,22356,19222,49.99
967,8/29/2014 19:20,22068,19005,49.99
968,8/29/2014 19:56,22167,19079,49.99
969,8/29/2014 22:09,22357,19223,49.99
970,8/30/2014 4:08,21887,18876,49.99
971,8/30/2014 8:11,22545,19358,45.99
972,8/30/2014 13:42,22388,19247,49.99
973,8/30/2014 18:14,22397,19254,49.99
974,8/30/2014 19:26,22330,19202,49.99
975,8/30/2014 22:08,22361,19226,49.99
976,8/31/2014 4:53,22560,19369,49.99
977,8/31/2014 5:36,21988,18951,49.99
978,8/31/2014 5:47,22371,19234,49.99
979,8/31/2014 8:14,22462,19300,49.99
980,8/31/2014 14:51,22680,19456,49.99
981,8/31/2014 17:01,22199,19104,49.99
982,8/31/2014 17:08,22648,19433,49.99
983,8/31/2014 22:08,22180,19089,49.99
984,8/31/2014 23:50,22292,19174,49.99
985,9/1/2014 3:54,22621,19412,49.99
986,9/1/2014 13:40,22087,19018,49.99
987,9/1/2014 14:38,22148,19064,49.99
988,9/2/2014 6:16,22784,19531,49.99
989,9/2/2014 16:13,22610,19403,49.99
990,9/2/2014 18:57,22442,19285,49.99
991,9/2/2014 21:25,22219,19118,49.99
992,9/3/2014 3:36,22437,19282,49.99
993,9/3/2014 3:41,22268,19155,49.99
994,9/3/2014 8:16,22699,19470,49.99
995,9/3/2014 8:48,22506,19330,49.99
996,9/3/2014 8:57,22586,19386,49.99
997,9/3/2014 9:31,22671,19449,49.99
998,9/3/2014 10:05,22807,19547,49.99
999,9/3/2014 10:09,22805,19545,45.99
1000,9/3/2014 11:09,22644,19429,49.99
1001,9/3/2014 16:15,22766,19517,45.99
1002,9/3/2014 20:46,22823,19558,49.99
1003,9/3/2014 20:59,22359,19225,49.99
1004,9/3/2014 22:11,22690,19464,29.99
1005,9/3/2014 22:17,22526,19345,49.99
1006,9/4/2014 4:42,22276,19161,49.99
1007,9/4/2014 6:36,22343,19211,49.99
1008,9/4/2014 7:07,22637,19423,49.99
1009,9/4/2014 10:10,22468,19304,49.99
1010,9/4/2014 10:51,22259,19147,49.99
1011,9/4/2014 11:23,22287,19169,49.99
1012,9/4/2014 17:52,22279,19163,49.99
1013,9/4/2014 20:22,22244,19136,49.99
1014,9/4/2014 22:43,22646,19431,49.99
1015,9/5/2014 0:50,22382,19242,49.99
1016,9/5/2014 1:12,22530,19348,49.99
1017,9/5/2014 1:29,22341,19210,49.99
1018,9/5/2014 2:37,22550,19362,49.99
1019,9/5/2014 2:37,22578,19381,49.99
1020,9/5/2014 4:11,22960,19652,49.99
1021,9/5/2014 7:18,22880,19597,49.99
1022,9/5/2014 10:19,22783,19530,49.99
1023,9/5/2014 11:50,22742,19499,49.99
1024,9/5/2014 15:51,22262,19150,49.99
1025,9/5/2014 16:29,22528,19346,49.99
1026,9/5/2014 20:03,22548,19360,49.99
1027,9/5/2014 23:29,22332,19203,49.99
1028,9/6/2014 13:18,23085,19742,59.99
1029,9/6/2014 16:38,22822,19557,49.99
1030,9/6/2014 17:47,22878,19596,49.99
1031,9/6/2014 17:49,23035,19709,45.99
1032,9/6/2014 20:01,22790,19535,29.99
1033,9/6/2014 20:02,22688,19463,49.99
1034,9/6/2014 23:29,23051,19720,49.99
1035,9/6/2014 23:32,22964,19655,49.99
1036,9/7/2014 0:29,22502,19327,49.99
1037,9/7/2014 1:37,22893,19604,49.99
1038,9/7/2014 6:17,22509,19333,49.99
1039,9/7/2014 7:04,23132,19776,49.99
1040,9/7/2014 7:47,22440,19284,49.99
1041,9/7/2014 7:47,22396,19253,49.99
1042,9/7/2014 9:25,22381,19241,45.99
1043,9/7/2014 10:19,22368,19232,49.99
1044,9/7/2014 14:36,22384,19243,49.99
1045,9/7/2014 16:28,23135,19778,49.99
1046,9/7/2014 23:30,22767,19518,49.99
1047,9/8/2014 2:06,22987,19673,49.99
1048,9/8/2014 2:09,23031,19706,49.99
1049,9/8/2014 8:06,22967,19657,49.99
1050,9/8/2014 11:52,22428,19275,49.99
1051,9/8/2014 12:25,22557,19367,49.99
1052,9/8/2014 16:57,23067,19731,49.99
1053,9/8/2014 20:43,22806,19546,49.99
1054,9/8/2014 23:07,22507,19331,49.99
1055,9/9/2014 1:02,22746,19502,49.99
1056,9/9/2014 3:11,22508,19332,49.99
1057,9/9/2014 6:44,22826,19560,49.99
1058,9/9/2014 9:56,23136,19779,49.99
1059,9/9/2014 11:10,22448,19290,49.99
1060,9/9/2014 15:07,22423,19271,49.99
1061,9/9/2014 15:50,22417,19267,49.99
1062,9/9/2014 17:00,22710,19476,49.99
1063,9/9/2014 17:02,22848,19576,49.99
1064,9/9/2014 17:31,22896,19606,49.99
1065,9/9/2014 18:43,22906,19613,49.99
1066,9/9/2014 21:38,23208,19834,49.99
1067,9/9/2014 21:56,22730,19490,49.99
1068,9/9/2014 21:59,22812,19551,49.99
1069,9/9/2014 23:32,22612,19405,49.99
1070,9/10/2014 1:33,22522,19343,49.99
1071,9/10/2014 2:28,23064,19729,49.99
1072,9/10/2014 2:40,22556,19366,49.99
1073,9/10/2014 3:13,22479,19312,49.99
1074,9/10/2014 5:21,23104,19757,49.99
1075,9/10/2014 8:18,22531,19349,49.99
1076,9/10/2014 9:23,22825,19559,49.99
1077,9/10/2014 14:57,23017,19695,45.99
1078,9/10/2014 15:05,23166,19801,49.99
1079,9/10/2014 19:15,22605,19399,49.99
1080,9/10/2014 19:52,22743,19500,49.99
1081,9/10/2014 20:13,23335,19930,49.99
1082,9/10/2014 20:36,22533,19351,49.99
1083,9/11/2014 0:46,23359,19947,49.99
1084,9/11/2014 3:47,22804,19544,49.99
1085,9/11/2014 12:18,22696,19468,49.99
1086,9/11/2014 13:35,22516,19339,49.99
1087,9/11/2014 15:15,22543,19357,49.99
1088,9/11/2014 16:32,23411,19983,49.99
1089,9/11/2014 18:48,23123,19770,49.99
1090,9/11/2014 19:40,23171,19805,49.99
1091,9/11/2014 20:22,22585,19385,49.99
1092,9/11/2014 20:45,22753,19507,49.99
1093,9/11/2014 23:17,22772,19522,49.99
1094,9/12/2014 0:29,22859,19583,49.99
1095,9/12/2014 3:24,23202,19829,49.99
1096,9/12/2014 7:24,23323,19922,49.99
1097,9/12/2014 9:22,23446,20008,49.99
1098,9/12/2014 17:03,22840,19570,49.99
1099,9/12/2014 20:52,23464,20020,49.99
1100,9/12/2014 21:06,22873,19592,49.99
1101,9/12/2014 21:22,23236,19855,49.99
1102,9/12/2014 23:18,23189,19820,49.99
1103,9/12/2014 23:39,22691,19465,49.99
1104,9/13/2014 1:59,23256,19871,49.99
1105,9/13/2014 2:30,22768,19518,59.99
1106,9/13/2014 2:32,23296,19900,49.99
1107,9/13/2014 7:27,22865,19587,49.99
1108,9/13/2014 13:04,22821,19556,49.99
1109,9/13/2014 13:24,22924,19627,49.99
1110,9/13/2014 15:12,23203,19830,49.99
1111,9/13/2014 23:06,23026,19702,49.99
1112,9/14/2014 0:27,23093,19748,49.99
1113,9/14/2014 6:56,23526,20067,49.99
1114,9/14/2014 11:32,23573,20101,49.99
1115,9/14/2014 17:04,23590,20115,49.99
1116,9/14/2014 19:20,23215,19840,49.99
1117,9/14/2014 21:24,22989,19674,49.99
1118,9/15/2014 2:05,22916,19620,49.99
1119,9/15/2014 9:07,22935,19634,45.99
1120,9/15/2014 13:14,23102,19756,49.99
1121,9/15/2014 15:02,23096,19751,49.99
1122,9/15/2014 17:00,22846,19575,49.99
1123,9/15/2014 19:26,22811,19550,49.99
1124,9/15/2014 20:44,23227,19848,45.99
1125,9/15/2014 21:03,23152,19791,49.99
1126,9/15/2014 23:25,23238,19856,49.99
1127,9/16/2014 0:25,22979,19666,49.99
1128,9/16/2014 6:50,23691,20192,49.99
1129,9/16/2014 12:09,23061,19727,45.99
1130,9/16/2014 12:37,23513,20058,49.99
1131,9/16/2014 14:27,22892,19603,49.99
1132,9/16/2014 15:13,22961,19653,49.99
1133,9/16/2014 16:12,22993,19678,49.99
1134,9/16/2014 16:45,23358,19946,49.99
1135,9/16/2014 16:58,23611,20131,49.99
1136,9/16/2014 19:37,23454,20013,49.99
1137,9/16/2014 23:03,23146,19787,49.99
1138,9/17/2014 0:13,23056,19723,49.99
1139,9/17/2014 1:59,22845,19574,49.99
1140,9/17/2014 3:49,23661,20171,49.99
1141,9/17/2014 7:59,23564,20094,49.99
1142,9/17/2014 13:38,23229,19850,49.99
1143,9/17/2014 14:05,23674,20181,49.99
1144,9/17/2014 18:19,22931,19632,49.99
1145,9/17/2014 19:42,23632,20148,49.99
1146,9/17/2014 19:56,23232,19853,49.99
1147,9/17/2014 20:45,23469,20024,49.99
1148,9/17/2014 21:19,23046,19716,49.99
1149,9/17/2014 21:40,23313,19915,49.99
1150,9/18/2014 0:23,23726,20216,45.99
1151,9/18/2014 0:49,23536,20075,49.99
1152,9/18/2014 11:24,23244,19862,49.99
1153,9/18/2014 16:32,23023,19700,49.99
1154,9/18/2014 18:25,23809,20276,49.99
1155,9/18/2014 19:20,23777,20254,49.99
1156,9/18/2014 20:52,23538,20076,49.99
1157,9/18/2014 21:26,23005,19688,49.99
1158,9/19/2014 5:19,23765,20245,49.99
1159,9/19/2014 11:53,23869,20322,59.99
1160,9/19/2014 15:08,23178,19810,49.99
1161,9/19/2014 18:29,23276,19885,49.99
1162,9/19/2014 21:54,23521,20064,49.99
1163,9/19/2014 23:23,23565,20095,49.99
1164,9/20/2014 2:57,23292,19898,59.99
1165,9/20/2014 4:24,23420,19988,29.99
1166,9/20/2014 9:57,23569,20098,49.99
1167,9/20/2014 10:14,23147,19788,49.99
1168,9/20/2014 12:32,23355,19944,49.99
1169,9/20/2014 14:57,23459,20016,49.99
1170,9/20/2014 22:13,23288,19894,49.99
1171,9/21/2014 0:23,23673,20180,49.99
1172,9/21/2014 3:15,23697,20196,45.99
1173,9/21/2014 8:00,23251,19867,59.99
1174,9/22/2014 0:30,23728,20217,49.99
1175,9/22/2014 0:39,23613,20133,49.99
1176,9/22/2014 1:37,23644,20158,49.99
1177,9/22/2014 3:58,23609,20129,49.99
1178,9/22/2014 6:05,23309,19912,49.99
1179,9/22/2014 8:37,23560,20091,49.99
1180,9/22/2014 10:44,23226,19848,49.99
1181,9/22/2014 13:19,23600,20122,49.99
1182,9/22/2014 16:35,23687,20189,49.99
1183,9/22/2014 17:43,23928,20364,49.99
1184,9/22/2014 18:50,23711,20205,49.99
1185,9/22/2014 20:54,23403,19978,49.99
1186,9/22/2014 21:07,23305,19909,49.99
1187,9/22/2014 23:54,23524,20066,49.99
1188,9/23/2014 4:34,24079,20479,49.99
1189,9/23/2014 12:48,23770,20249,45.99
1190,9/23/2014 14:57,23604,20125,49.99
1191,9/23/2014 22:48,23746,20231,49.99
1192,9/24/2014 4:53,23500,20049,49.99
1193,9/24/2014 14:58,23804,20273,49.99
1194,9/24/2014 19:39,23701,20199,49.99
1195,9/24/2014 23:09,24200,20568,49.99
1196,9/24/2014 23:56,23593,20117,49.99
1197,9/25/2014 0:15,23596,20119,49.99
1198,9/25/2014 2:04,23610,20130,49.99
1199,9/25/2014 4:23,23732,20220,49.99
1200,9/25/2014 13:22,23579,20105,45.99
1201,9/25/2014 14:26,23693,20193,49.99
1202,9/25/2014 23:17,23511,20057,49.99
1203,9/26/2014 3:02,23714,20207,45.99
1204,9/26/2014 3:10,24189,20560,49.99
1205,9/26/2014 11:28,23699,20198,49.99
1206,9/27/2014 0:27,23559,20090,49.99
1207,9/27/2014 20:42,24304,20645,49.99
1208,9/28/2014 0:12,23645,20159,49.99
1209,9/28/2014 3:48,23769,20248,49.99
1210,9/28/2014 7:23,23703,20200,49.99
1211,9/28/2014 14:21,23890,20337,45.99
1212,9/28/2014 14:51,23664,20174,49.99
1213,9/28/2014 19:23,23798,20268,49.99
1214,9/28/2014 23:04,24307,20647,45.99
1215,9/28/2014 23:24,23741,20228,49.99
1216,9/29/2014 0:50,23785,20260,49.99
1217,9/29/2014 16:01,23751,20235,49.99
1218,9/29/2014 19:41,23774,20251,49.99
1219,9/30/2014 8:30,23850,20306,45.99
1220,9/30/2014 18:19,24214,20578,49.99
1221,9/30/2014 19:17,23761,20242,49.99
1222,10/1/2014 1:32,24575,20837,49.99
1223,10/1/2014 9:42,24445,20744,49.99
1224,10/1/2014 11:43,24610,20861,29.99
1225,10/1/2014 16:18,24263,20611,45.99
1226,10/2/2014 20:54,24299,20640,45.99
1227,10/3/2014 13:11,24531,20805,49.99
1228,10/5/2014 2:05,24213,20577,45.99
1229,10/5/2014 6:53,24205,20571,29.99
1230,10/5/2014 15:31,24333,20664,49.99
1231,10/6/2014 14:13,24187,20559,49.99
1232,10/6/2014 16:48,24750,20966,59.99
1233,10/6/2014 18:52,24488,20775,59.99
1234,10/7/2014 4:44,25060,21192,45.99
1235,10/7/2014 13:35,24953,21113,29.99
1236,10/7/2014 17:41,24365,20686,45.99
1237,10/8/2014 9:57,24258,20609,49.99
1238,10/8/2014 20:53,24658,20897,45.99
1239,10/9/2014 9:31,25013,21156,49.99
1240,10/9/2014 15:13,24670,20906,45.99
1241,10/9/2014 18:14,25056,21190,49.99
1242,10/10/2014 2:13,24422,20729,45.99
1243,10/10/2014 11:32,24553,20821,29.99
1244,10/10/2014 15:58,24637,20882,59.99
1245,10/11/2014 2:27,24986,21138,49.99
1246,10/11/2014 8:58,25053,21187,59.99
1247,10/11/2014 19:37,25168,21270,45.99
1248,10/12/2014 1:49,25258,21334,49.99
1249,10/12/2014 12:17,24999,21146,49.99
1250,10/13/2014 1:03,25446,21473,49.99
1251,10/13/2014 1:37,24773,20982,59.99
1252,10/13/2014 10:19,24925,21095,49.99
1253,10/13/2014 12:35,25066,21197,45.99
1254,10/14/2014 8:28,24835,21028,49.99
1255,10/14/2014 11:37,24625,20872,45.99
1256,10/15/2014 4:08,25530,21539,29.99
1257,10/15/2014 21:47,25407,21444,45.99
1258,10/16/2014 10:59,25199,21293,49.99
1259,10/16/2014 12:15,24951,21112,45.99
1260,10/17/2014 11:24,25024,21165,45.99
1261,10/17/2014 19:08,25809,21741,45.99
1262,10/18/2014 9:06,25316,21378,49.99
1263,10/18/2014 16:22,25763,21708,59.99
1264,10/18/2014 20:15,25171,21273,49.99
1265,10/19/2014 21:21,25234,21317,29.99
1266,10/21/2014 0:18,25769,21712,49.99
1267,10/21/2014 10:34,25812,21743,45.99
1268,10/22/2014 3:19,25180,21278,29.99
1269,10/23/2014 1:42,25418,21453,29.99
1270,10/23/2014 2:04,25925,21826,59.99
1271,10/23/2014 7:34,26119,21976,49.99
1272,10/25/2014 2:23,25497,21510,45.99
1273,10/25/2014 9:36,26091,21957,49.99
1274,10/26/2014 10:37,26434,22204,45.99
1275,10/26/2014 19:51,25629,21607,45.99
1276,10/27/2014 5:07,26393,22175,49.99
1277,10/27/2014 5:15,25741,21692,49.99
1278,10/28/2014 9:44,25686,21651,49.99
1279,10/28/2014 21:00,25734,21687,49.99
1280,10/30/2014 4:00,26025,21906,49.99
1281,10/30/2014 9:38,26007,21892,49.99
1282,11/1/2014 0:44,26178,22018,45.99
1283,11/2/2014 2:09,26822,22483,29.99
1284,11/3/2014 16:22,26311,22114,49.99
1285,11/3/2014 18:06,26745,22429,49.99
1286,11/3/2014 18:31,26674,22382,49.99
1287,11/5/2014 9:16,26544,22280,45.99
1288,11/5/2014 13:22,26451,22216,49.99
1289,11/5/2014 22:23,26708,22403,59.99
1290,11/5/2014 22:42,26349,22143,49.99
1291,11/6/2014 4:57,26688,22390,29.99
1292,11/6/2014 8:28,26302,22108,49.99
1293,11/7/2014 1:20,26548,22283,49.99
1294,11/8/2014 17:50,26644,22359,45.99
1295,11/9/2014 1:01,27184,22752,49.99
1296,11/10/2014 2:13,26722,22411,49.99
1297,11/10/2014 4:18,26931,22560,29.99
1298,11/10/2014 9:04,26860,22511,49.99
1299,11/12/2014 13:20,26913,22547,45.99
1300,11/13/2014 4:05,27139,22717,49.99
1301,11/13/2014 12:32,27606,23063,49.99
1302,11/14/2014 16:59,26887,22532,45.99
1303,11/14/2014 17:48,27029,22634,45.99
1304,11/15/2014 1:21,27822,23215,45.99
1305,11/15/2014 3:45,26878,22526,45.99
1306,11/15/2014 12:00,26985,22598,29.99
1307,11/15/2014 17:22,26918,22551,59.99
1308,11/15/2014 19:53,27211,22773,45.99
1309,11/15/2014 20:58,27299,22836,45.99
1310,11/16/2014 19:01,27158,22731,29.99
1311,11/17/2014 12:43,27813,23208,29.99
1312,11/17/2014 16:01,27474,22966,45.99
1313,11/18/2014 13:52,27345,22869,59.99
1314,11/18/2014 23:39,27135,22714,49.99
1315,11/19/2014 12:42,28074,23402,45.99
1316,11/19/2014 21:18,27503,22986,59.99
1317,11/20/2014 4:34,28199,23496,49.99
1318,11/20/2014 7:51,27554,23026,49.99
1319,11/20/2014 12:21,27303,22839,45.99
1320,11/20/2014 18:37,28002,23347,45.99
1321,11/20/2014 21:07,27630,23080,59.99
1322,11/21/2014 3:06,27853,23239,49.99
1323,11/21/2014 12:40,28051,23386,49.99
1324,11/21/2014 15:08,27964,23321,49.99
1325,11/21/2014 16:31,27356,22879,49.99
1326,11/21/2014 18:04,27824,23217,45.99
1327,11/21/2014 22:50,28161,23467,49.99
1328,11/22/2014 9:14,27741,23157,49.99
1329,11/22/2014 16:16,27666,23107,49.99
1330,11/23/2014 5:55,28180,23482,49.99
1331,11/23/2014 18:08,27858,23242,49.99
1332,11/25/2014 10:56,27953,23312,45.99
1333,11/25/2014 11:39,28238,23526,59.99
1334,11/26/2014 0:52,27868,23251,49.99
1335,11/26/2014 6:15,28389,23634,45.99
1336,11/28/2014 13:46,28034,23374,49.99
1337,11/28/2014 13:57,27800,23200,45.99
1338,11/28/2014 18:08,27965,23321,45.99
1339,11/29/2014 4:08,28153,23460,59.99
1340,11/29/2014 11:31,27895,23272,49.99
1341,11/29/2014 12:27,28842,23973,49.99
1342,11/29/2014 15:13,28639,23822,49.99
1343,11/29/2014 19:34,28776,23924,45.99
1344,11/30/2014 3:45,28170,23475,49.99
1345,11/30/2014 8:12,28940,24043,29.99
1346,11/30/2014 21:43,28700,23868,49.99
1347,12/1/2014 5:29,29304,24308,49.99
1348,12/1/2014 10:37,29476,24433,49.99
1349,12/1/2014 11:58,29245,24265,49.99
1350,12/1/2014 14:54,29530,24472,49.99
1351,12/1/2014 17:00,29553,24490,49.99
1352,12/1/2014 23:07,28832,23967,45.99
1353,12/2/2014 2:45,28893,24012,49.99
1354,12/2/2014 3:42,28285,23559,45.99
1355,12/2/2014 11:08,29631,24544,49.99
1356,12/3/2014 2:31,29115,24172,49.99
1357,12/3/2014 11:58,29777,24646,49.99
1358,12/3/2014 13:24,29672,24573,49.99
1359,12/3/2014 14:17,29624,24538,49.99
1360,12/3/2014 16:05,29928,24751,49.99
1361,12/3/2014 18:07,28530,23741,49.99
1362,12/4/2014 0:46,29654,24561,59.99
1363,12/4/2014 4:56,29745,24624,49.99
1364,12/4/2014 17:35,28345,23604,49.99
1365,12/4/2014 18:39,29275,24286,49.99
1366,12/5/2014 0:31,29737,24618,49.99
1367,12/5/2014 2:48,29372,24356,59.99
1368,12/5/2014 16:57,28600,23792,45.99
1369,12/5/2014 19:10,29425,24398,49.99
1370,12/6/2014 2:39,30016,24816,49.99
1371,12/6/2014 7:37,29912,24740,49.99
1372,12/6/2014 16:37,29445,24413,45.99
1373,12/7/2014 1:22,30062,24852,45.99
1374,12/7/2014 2:33,29549,24486,49.99
1375,12/7/2014 4:45,29407,24385,45.99
1376,12/7/2014 5:06,29083,24150,49.99
1377,12/7/2014 8:48,29118,24174,45.99
1378,12/7/2014 17:27,28680,23852,45.99
1379,12/7/2014 18:31,28622,23809,49.99
1380,12/7/2014 22:24,29804,24666,49.99
1381,12/7/2014 22:57,30213,24966,49.99
1382,12/8/2014 0:16,29518,24463,49.99
1383,12/8/2014 2:50,29529,24471,49.99
1384,12/8/2014 3:11,30209,24963,45.99
1385,12/8/2014 14:10,28880,24003,49.99
1386,12/8/2014 20:58,28823,23961,49.99
1387,12/8/2014 23:59,29247,24266,49.99
1388,12/9/2014 1:15,30217,24969,45.99
1389,12/9/2014 11:19,29588,24514,49.99
1390,12/9/2014 18:31,30422,25117,29.99
1391,12/9/2014 18:46,29978,24785,49.99
1392,12/9/2014 19:49,30341,25058,49.99
1393,12/9/2014 20:35,28788,23932,29.99
1394,12/10/2014 2:17,30399,25099,49.99
1395,12/10/2014 3:41,28809,23950,59.99
1396,12/10/2014 8:38,29505,24453,45.99
1397,12/10/2014 19:53,29060,24132,49.99
1398,12/10/2014 22:00,30361,25070,49.99
1399,12/10/2014 22:54,29531,24472,29.99
1400,12/11/2014 2:39,30070,24858,49.99
1401,12/11/2014 6:23,30553,25214,49.99
1402,12/11/2014 8:49,29759,24633,49.99
1403,12/11/2014 11:06,30058,24848,49.99
1404,12/11/2014 17:25,29806,24667,45.99
1405,12/12/2014 1:20,29265,24278,45.99
1406,12/12/2014 8:50,30350,25063,45.99
1407,12/12/2014 9:54,30545,25206,49.99
1408,12/13/2014 5:24,30517,25186,29.99
1409,12/13/2014 7:25,29217,24246,49.99
1410,12/13/2014 22:22,30844,25444,45.99
1411,12/14/2014 6:46,29480,24436,49.99
1412,12/14/2014 7:07,29557,24493,49.99
1413,12/14/2014 8:33,29652,24560,49.99
1414,12/15/2014 2:03,29691,24586,45.99
1415,12/15/2014 17:50,30221,24972,29.99
1416,12/15/2014 22:14,30946,25521,49.99
1417,12/16/2014 15:08,29746,24625,59.99
1418,12/16/2014 16:57,30129,24900,49.99
1419,12/17/2014 9:20,29838,24689,59.99
1420,12/18/2014 8:53,30920,25502,49.99
1421,12/18/2014 10:12,30266,25003,45.99
1422,12/18/2014 10:46,30855,25452,45.99
1423,12/18/2014 16:45,30205,24959,49.99
1424,12/18/2014 22:08,30512,25182,29.99
1425,12/19/2014 12:23,31303,25790,49.99
1426,12/20/2014 10:42,31132,25663,45.99
1427,12/20/2014 17:41,30911,25496,45.99
1428,12/21/2014 2:55,31187,25705,49.99
1429,12/22/2014 9:41,31674,26060,49.99
1430,12/22/2014 10:51,31502,25935,45.99
1431,12/22/2014 19:39,31647,26040,29.99
1432,12/23/2014 3:04,30983,25549,49.99
1433,12/23/2014 3:08,30849,25448,49.99
1434,12/23/2014 3:56,31400,25861,45.99
1435,12/23/2014 9:00,31102,25640,45.99
1436,12/23/2014 12:16,31562,25980,49.99
1437,12/23/2014 13:18,30881,25474,49.99
1438,12/23/2014 14:19,30489,25165,45.99
1439,12/23/2014 16:44,31573,25987,49.99
1440,12/23/2014 22:37,31707,26084,49.99
1441,12/24/2014 14:48,30996,25558,49.99
1442,12/24/2014 16:13,30810,25420,45.99
1443,12/24/2014 16:38,31863,26207,49.99
1444,12/24/2014 19:09,31361,25833,49.99
1445,12/24/2014 19:24,31380,25848,49.99
1446,12/25/2014 5:03,31037,25590,59.99
1447,12/25/2014 13:43,31239,25743,49.99
1448,12/26/2014 7:54,31739,26109,49.99
1449,12/26/2014 18:45,31580,25992,49.99
1450,12/26/2014 22:37,31949,26270,49.99
1451,12/26/2014 22:46,31868,26211,49.99
1452,12/27/2014 3:11,31379,25847,49.99
1453,12/27/2014 15:04,32116,26396,59.99
1454,12/27/2014 18:01,31853,26199,59.99
1455,12/27/2014 21:44,31614,26017,45.99
1456,12/28/2014 8:29,32135,26410,59.99
1457,12/28/2014 15:37,32215,26475,45.99
1458,12/28/2014 17:07,31168,25691,29.99
1459,12/28/2014 18:23,31316,25799,49.99
1460,12/29/2014 1:13,32222,26480,45.99
1461,12/29/2014 14:20,32321,26556,49.99
1462,12/29/2014 21:02,31228,25735,49.99
1463,12/30/2014 2:36,32250,26503,45.99
1464,12/30/2014 9:38,31375,25844,45.99
1465,12/30/2014 10:49,31367,25838,49.99
1466,12/30/2014 17:32,31867,26210,49.99
1467,12/31/2014 19:35,32236,26492,49.99
1468,12/31/2014 21:09,31869,26212,49.99
1469,1/1/2015 2:31,31861,26205,45.99
1470,1/1/2015 3:49,32154,26424,45.99
1471,1/2/2015 0:52,31769,26131,45.99
1472,1/2/2015 9:02,31702,26080,49.99
1473,1/2/2015 14:22,31539,25964,45.99
1474,1/2/2015 20:47,32419,26633,49.99
1475,1/3/2015 5:02,32078,26365,45.99
1476,1/3/2015 21:34,32628,26781,59.99
1477,1/4/2015 1:52,32171,26439,59.99
1478,1/4/2015 5:59,31741,26111,49.99
1479,1/4/2015 15:42,31689,26070,45.99
1480,1/5/2015 0:04,32574,26742,29.99
1481,1/5/2015 5:29,31825,26175,45.99
1482,1/6/2015 0:27,32113,26393,45.99
1483,1/6/2015 4:18,32610,26769,49.99
1484,1/6/2015 8:15,32340,26570,49.99
1485,1/6/2015 15:01,32175,26442,49.99
1486,1/6/2015 20:47,32404,26621,49.99
1487,1/7/2015 6:36,32452,26656,45.99
1488,1/7/2015 22:04,32095,26378,45.99
1489,1/8/2015 5:52,32903,26987,49.99
1490,1/8/2015 6:10,31983,26294,45.99
1491,1/8/2015 7:54,32705,26835,29.99
1492,1/8/2015 9:11,32746,26867,49.99
1493,1/9/2015 5:06,33274,27263,45.99
1494,1/9/2015 21:02,32838,26934,49.99
1495,1/9/2015 22:01,33209,27214,45.99
1496,1/9/2015 22:02,32673,26814,45.99
1497,1/10/2015 1:59,32500,26692,49.99
1498,1/10/2015 3:28,32273,26522,59.99
1499,1/10/2015 21:36,33080,27121,49.99
1500,1/11/2015 0:19,32389,26608,49.99
1501,1/12/2015 5:32,32871,26961,49.99
1502,1/12/2015 6:07,32479,26675,49.99
1503,1/12/2015 6:10,32960,27030,59.99
1504,1/12/2015 11:36,32819,26919,45.99
1505,1/12/2015 11:47,33000,27061,49.99
1506,1/12/2015 18:50,33002,27062,49.99
1507,1/12/2015 19:09,32536,26717,49.99
1508,1/12/2015 21:57,32898,26982,45.99
1509,1/13/2015 2:54,33546,27469,49.99
1510,1/13/2015 3:26,33195,27202,49.99
1511,1/13/2015 3:49,32657,26802,45.99
1512,1/13/2015 4:36,32592,26757,45.99
1513,1/13/2015 21:06,32783,26895,45.99
1514,1/14/2015 20:20,33074,27116,45.99
1515,1/15/2015 11:36,33502,27437,45.99
1516,1/15/2015 20:28,32831,26928,49.99
1517,1/16/2015 9:11,32971,27037,49.99
1518,1/16/2015 10:32,33130,27161,49.99
1519,1/17/2015 18:20,33613,27519,45.99
1520,1/17/2015 20:10,33801,27658,29.99
1521,1/17/2015 20:33,34114,27892,49.99
1522,1/17/2015 22:54,34007,27812,49.99
1523,1/18/2015 17:24,34081,27867,49.99
1524,1/18/2015 19:12,33945,27765,45.99
1525,1/19/2015 1:25,33750,27622,49.99
1526,1/19/2015 13:47,33001,27061,45.99
1527,1/19/2015 17:53,33508,27441,45.99
1528,1/19/2015 23:25,33200,27207,49.99
1529,1/20/2015 1:41,33884,27722,49.99
1530,1/20/2015 15:08,33823,27674,59.99
1531,1/20/2015 21:33,33820,27671,49.99
1532,1/21/2015 3:08,34275,28008,29.99
1533,1/21/2015 4:25,34194,27951,49.99
1534,1/21/2015 10:29,34218,27969,45.99
1535,1/21/2015 11:30,33434,27382,49.99
1536,1/21/2015 12:10,34350,28063,49.99
1537,1/21/2015 15:20,33759,27628,45.99
1538,1/21/2015 18:34,34061,27851,49.99
1539,1/22/2015 5:43,33765,27632,49.99
1540,1/22/2015 12:53,33644,27539,49.99
1541,1/22/2015 13:27,33896,27729,45.99
1542,1/22/2015 16:57,33919,27746,59.99
1543,1/22/2015 19:07,33610,27518,49.99
1544,1/22/2015 19:14,33457,27403,59.99
1545,1/24/2015 17:38,33497,27433,49.99
1546,1/25/2015 2:10,34242,27985,45.99
1547,1/25/2015 4:25,33854,27698,49.99
1548,1/25/2015 14:52,34514,28177,49.99
1549,1/26/2015 9:12,34272,28005,59.99
1550,1/26/2015 12:33,34417,28108,49.99
1551,1/27/2015 3:52,34392,28091,45.99
1552,1/27/2015 16:35,34363,28071,45.99
1553,1/28/2015 7:35,34565,28215,45.99
1554,1/28/2015 11:40,34539,28196,49.99
1555,1/28/2015 16:47,34064,27853,49.99
1556,1/28/2015 19:10,34117,27894,49.99
1557,1/29/2015 2:01,33922,27749,45.99
1558,1/29/2015 2:51,34368,28074,49.99
1559,1/29/2015 3:37,34446,28129,45.99
1560,1/29/2015 14:10,34010,27814,49.99
1561,1/29/2015 20:35,34969,28519,49.99
1562,1/29/2015 22:37,34463,28141,49.99
1563,1/30/2015 11:44,34634,28267,45.99
1564,1/30/2015 22:44,35211,28699,45.99
1565,1/30/2015 23:01,35352,28798,45.99
1566,1/31/2015 0:08,34973,28521,49.99
1567,1/31/2015 6:41,34184,27943,59.99
1568,1/31/2015 19:29,34573,28220,49.99
1569,2/1/2015 1:05,34743,28349,49.99
1570,2/1/2015 3:00,35378,28816,49.99
1571,2/1/2015 6:34,34662,28286,49.99
1572,2/2/2015 2:53,34876,28445,29.99
1573,2/2/2015 6:57,35320,28776,49.99
1574,2/2/2015 19:36,34352,28064,59.99
1575,2/2/2015 23:05,35120,28631,49.99
1576,2/2/2015 23:31,34618,28254,29.99
1577,2/3/2015 3:37,35180,28677,49.99
1578,2/3/2015 7:24,35361,28803,49.99
1579,2/5/2015 3:09,35237,28717,49.99
1580,2/5/2015 3:44,35285,28749,45.99
1581,2/5/2015 5:24,35360,28802,29.99
1582,2/5/2015 7:35,34604,28243,45.99
1583,2/5/2015 16:52,34590,28233,59.99
1584,2/5/2015 19:30,34624,28260,59.99
1585,2/5/2015 22:56,35531,28922,29.99
1586,2/6/2015 1:00,34845,28423,29.99
1587,2/6/2015 4:16,35752,29086,45.99
1588,2/6/2015 14:02,35455,28872,49.99
1589,2/7/2015 0:16,34978,28526,45.99
1590,2/7/2015 3:32,35603,28976,45.99
1591,2/7/2015 14:34,35842,29155,59.99
1592,2/8/2015 5:04,35756,29089,45.99
1593,2/8/2015 12:59,36124,29367,49.99
1594,2/8/2015 17:38,35421,28847,49.99
1595,2/9/2015 20:08,35340,28790,49.99
1596,2/10/2015 6:56,35071,28594,45.99
1597,2/10/2015 7:25,35708,29050,45.99
1598,2/10/2015 10:34,35167,28668,45.99
1599,2/10/2015 15:53,36118,29363,49.99
1600,2/10/2015 20:42,35424,28849,49.99
1601,2/11/2015 13:14,35915,29214,49.99
1602,2/12/2015 2:18,35162,28663,59.99
1603,2/12/2015 6:24,35359,28802,49.99
1604,2/12/2015 7:08,35929,29223,49.99
1605,2/12/2015 13:42,35250,28727,49.99
1606,2/12/2015 14:57,36295,29495,45.99
1607,2/13/2015 14:14,35436,28858,45.99
1608,2/13/2015 17:27,35704,29048,49.99
1609,2/15/2015 3:09,36844,29933,49.99
1610,2/15/2015 7:36,36285,29488,29.99
1611,2/15/2015 18:18,35773,29103,45.99
1612,2/16/2015 2:46,36132,29372,45.99
1613,2/16/2015 15:02,36417,29594,49.99
1614,2/16/2015 18:48,36111,29359,49.99
1615,2/17/2015 0:23,36744,29855,49.99
1616,2/17/2015 13:39,35762,29093,49.99
1617,2/17/2015 18:52,35757,29090,49.99
1618,2/17/2015 21:38,36794,29895,59.99
1619,2/18/2015 8:32,36519,29675,59.99
1620,2/18/2015 12:37,36172,29403,49.99
1621,2/20/2015 0:24,37052,30100,59.99
1622,2/20/2015 2:51,36304,29503,49.99
1623,2/20/2015 19:45,36884,29964,59.99
1624,2/20/2015 21:48,36366,29550,59.99
1625,2/20/2015 22:06,36019,29292,45.99
1626,2/21/2015 1:35,36362,29547,49.99
1627,2/21/2015 3:00,37379,30344,49.99
1628,2/21/2015 8:57,37287,30279,49.99
1629,2/21/2015 16:55,36454,29624,49.99
1630,2/21/2015 19:43,36871,29953,49.99
1631,2/22/2015 8:02,36821,29916,59.99
1632,2/22/2015 8:44,37523,30450,49.99
1633,2/22/2015 13:55,36271,29478,49.99
1634,2/22/2015 14:06,36729,29843,45.99
1635,2/23/2015 22:30,37098,30134,49.99
1636,2/23/2015 22:54,36996,30054,49.99
1637,2/24/2015 1:52,36917,29990,45.99
1638,2/24/2015 5:18,36341,29530,59.99
1639,2/24/2015 7:46,37266,30263,49.99
1640,2/25/2015 11:15,37121,30151,49.99
1641,2/27/2015 7:39,36717,29833,45.99
1642,2/27/2015 13:20,37316,30300,49.99
1643,2/27/2015 14:49,37513,30444,29.99
1644,2/27/2015 19:49,37300,30288,49.99
1645,2/28/2015 4:40,36971,30034,49.99
1646,2/28/2015 9:39,38070,30858,59.99
1647,2/28/2015 13:32,37411,30367,49.99
1648,3/1/2015 5:44,38100,30878,59.99
1649,3/1/2015 7:09,37904,30731,45.99
1650,3/2/2015 2:56,37416,30371,49.99
1651,3/2/2015 4:28,37861,30699,45.99
1652,3/2/2015 15:38,38054,30844,29.99
1653,3/2/2015 17:50,37450,30397,49.99
1654,3/2/2015 19:15,37924,30746,45.99
1655,3/2/2015 21:42,38083,30867,29.99
1656,3/3/2015 8:06,38166,30931,45.99
1657,3/3/2015 11:26,37663,30553,45.99
1658,3/3/2015 14:36,38168,30933,59.99
1659,3/3/2015 19:08,38340,31066,49.99
1660,3/4/2015 7:28,37598,30509,29.99
1661,3/4/2015 8:18,38229,30977,29.99
1662,3/4/2015 9:38,38055,30845,49.99
1663,3/4/2015 19:07,38425,31132,49.99
1664,3/5/2015 8:01,38397,31113,49.99
1665,3/5/2015 15:06,37784,30641,49.99
1666,3/7/2015 9:10,38179,30941,45.99
1667,3/7/2015 11:25,38010,30810,49.99
1668,3/7/2015 19:55,37568,30486,49.99
1669,3/7/2015 21:15,37686,30571,49.99
1670,3/8/2015 1:59,38667,31311,49.99
1671,3/8/2015 5:08,38107,30884,49.99
1672,3/8/2015 11:32,38129,30901,45.99
1673,3/9/2015 2:20,37886,30718,45.99
1674,3/9/2015 18:45,38356,31078,45.99
1675,3/10/2015 11:59,38627,31283,45.99
1676,3/10/2015 18:12,38309,31040,49.99
1677,3/10/2015 19:26,38287,31023,29.99
1678,3/11/2015 0:47,37891,30722,49.99
1679,3/11/2015 2:57,38195,30952,45.99
1680,3/11/2015 16:47,38000,30804,29.99
1681,3/11/2015 19:45,38492,31181,49.99
1682,3/12/2015 20:36,38896,31486,49.99
1683,3/13/2015 5:05,38090,30872,45.99
1684,3/13/2015 9:39,38900,31489,45.99
1685,3/13/2015 12:05,38494,31183,45.99
1686,3/13/2015 15:01,39003,31561,59.99
1687,3/13/2015 15:25,38593,31256,29.99
1688,3/13/2015 17:33,38274,31014,49.99
1689,3/14/2015 9:53,39092,31622,49.99
1690,3/14/2015 13:21,39026,31578,49.99
1691,3/14/2015 16:11,39225,31720,49.99
1692,3/15/2015 8:40,39113,31638,45.99
1693,3/15/2015 12:31,39475,31905,45.99
1694,3/15/2015 22:33,38700,31335,49.99
1695,3/16/2015 10:30,39585,31984,49.99
1696,3/16/2015 21:21,38851,31449,49.99
1697,3/17/2015 4:09,38427,31133,49.99
1698,3/17/2015 5:40,39194,31695,49.99
1699,3/17/2015 9:52,38625,31281,49.99
1700,3/17/2015 17:36,38897,31486,45.99
1701,3/17/2015 17:53,39663,32043,45.99
1702,3/17/2015 21:45,38955,31527,29.99
1703,3/18/2015 13:55,38605,31266,49.99
1704,3/18/2015 15:00,38978,31545,45.99
1705,3/19/2015 6:18,39486,31914,59.99
1706,3/19/2015 11:28,39029,31579,45.99
1707,3/19/2015 16:46,38940,31517,49.99
1708,3/20/2015 12:44,38802,31412,45.99
1709,3/21/2015 3:22,39546,31957,49.99
1710,3/21/2015 4:05,39705,32072,49.99
1711,3/21/2015 9:18,39199,31699,45.99
1712,3/21/2015 10:13,39696,32065,49.99
1713,3/22/2015 0:42,39189,31690,49.99
1714,3/22/2015 1:40,39172,31678,45.99
1715,3/22/2015 2:31,39813,32152,49.99
1716,3/22/2015 3:15,39278,31760,45.99
1717,3/22/2015 21:30,39713,32077,59.99
1718,3/23/2015 2:52,39428,31871,49.99
1719,3/23/2015 15:19,39370,31830,45.99
1720,3/24/2015 3:47,39243,31733,59.99
1721,3/27/2015 3:24,39680,32055,45.99
1722,3/27/2015 10:10,39860,32191,49.99
1723,3/27/2015 12:16,39674,32051,45.99
1724,3/28/2015 5:34,39819,32156,45.99
1725,3/28/2015 8:38,39449,31884,49.99
1726,3/29/2015 23:41,39759,32111,49.99
1727,3/30/2015 9:37,39950,32255,59.99
1728,3/30/2015 21:33,39671,32049,49.99
1729,3/31/2015 19:59,39729,32090,49.99
1730,4/1/2015 3:54,39717,32079,59.99
1731,4/1/2015 18:11,39947,32252,45.99
